region,customers,churned_customers,churn_rate,churned_revenue,avg_monthly_revenue
LATAM,555,194,0.34954954954954953,36806.03,382.7827747747748
APAC,488,139,0.2848360655737705,25759.68,366.7570286885246
Europe,1090,294,0.26972477064220185,60132.869999999995,410.6709266055046
North America,1367,326,0.23847841989758595,68403.5,401.5518434528164
