acquisition_channel,customers,churned_customers,churn_rate,churned_revenue,avg_monthly_revenue
Affiliate,392,165,0.42091836734693877,30592.59,248.71811224489795
Paid Search,823,318,0.3863912515188335,62060.659999999996,315.56464155528556
Outbound,634,156,0.24605678233438485,38398.08,490.2583753943218
Organic,777,169,0.2175032175032175,32612.88,388.50109395109394
Referral,378,71,0.18783068783068782,12413.61,401.0010052910053
Partner,496,74,0.14919354838709678,15024.26,537.2980040322581
