segment,customers,churned_customers,churn_rate,churned_revenue,avg_monthly_revenue
Startup,574,257,0.44773519163763065,34870.1,170.06686411149826
SMB,1416,481,0.3396892655367232,86323.61,246.02168785310735
Mid-Market,974,177,0.18172484599589322,45725.01,467.2289835728953
Enterprise,536,38,0.0708955223880597,24183.36,908.41125
