plan_type,customers,churned_customers,churn_rate,churned_revenue,avg_monthly_revenue
Basic,956,427,0.446652719665272,25175.11,61.923043933054394
Growth,1207,365,0.3024026512013256,67364.84,179.5740927920464
Pro,966,144,0.14906832298136646,75701.36,513.5449378881988
Enterprise,371,17,0.04582210242587601,22860.77,1660.2312129380055
