value_tier,customers,churned_customers,churn_rate,churned_revenue,avg_monthly_revenue,share_of_churned_customers,share_of_churned_revenue
Low,875,397,0.45371428571428574,20884.1,53.82192,0.41657922350472193,0.10928243167211993
Mid-Low,875,251,0.28685714285714287,34105.8,136.6718057142857,0.2633788037775446,0.17846901509392257
Mid-High,875,210,0.24,58879.58,301.4004,0.2203567681007345,0.3081053853521636
High,875,95,0.10857142857142857,77232.6,1094.3625028571428,0.09968520461699895,0.40414316788179383
